"derlius","grupe"
5.373,"kontrole"
3.134,"kontrole"
3.362,"kontrole"
3.267,"kontrole"
3.396,"kontrole"
2.408,"kontrole"
4.372,"kontrole"
2.696,"kontrole"
4.734,"kontrole"
6.44,"kontrole"
4.817,"kontrole"
2.545,"kontrole"
3.205,"kontrole"
4.67,"kontrole"
4.349,"kontrole"
4.097,"kontrole"
6.487,"kontrole"
3.079,"kontrole"
4.048,"kontrole"
4.805,"kontrole"
4.109,"kontrole"
5.437,"kontrole"
4.252,"kontrole"
3.669,"kontrole"
3.673,"kontrole"
3.659,"naujas pesticidas"
4.4,"naujas pesticidas"
4.691,"naujas pesticidas"
3.385,"naujas pesticidas"
4.504,"naujas pesticidas"
4.771,"naujas pesticidas"
5.109,"naujas pesticidas"
3.947,"naujas pesticidas"
4.425,"naujas pesticidas"
4.332,"naujas pesticidas"
4.239,"naujas pesticidas"
5.346,"naujas pesticidas"
5.242,"naujas pesticidas"
5.122,"naujas pesticidas"
5.177,"naujas pesticidas"
4.716,"naujas pesticidas"
4.01,"naujas pesticidas"
5.325,"naujas pesticidas"
3.419,"naujas pesticidas"
4.432,"naujas pesticidas"
4.176,"naujas pesticidas"
4.803,"naujas pesticidas"
4.231,"naujas pesticidas"
5.43,"naujas pesticidas"
4.028,"naujas pesticidas"
