X,Kategorija
171.24,vyrai
176.1,vyrai
169.99,vyrai
184.57,vyrai
176.98,vyrai
170.08,vyrai
177.92,vyrai
179.43,vyrai
178.45,vyrai
173.17,vyrai
184.07,vyrai
177.34,vyrai
171.27,vyrai
161.71,vyrai
181.75,vyrai
174.73,vyrai
174.9,vyrai
180.66,vyrai
179.93,vyrai
178.56,vyrai
180.51,vyrai
179.69,vyrai
175.45,vyrai
163.06,vyrai
178.72,vyrai
174.66,vyrai
174.07,vyrai
166.18,vyrai
172.13,vyrai
177.51,vyrai
183.15,vyrai
174.38,vyrai
177.33,vyrai
174.68,vyrai
166.74,vyrai
172.51,vyrai
172.63,vyrai
174.64,vyrai
181.6,vyrai
179.58,vyrai
174.01,vyrai
173.48,vyrai
179.18,vyrai
178.34,vyrai
170.87,vyrai
170.76,vyrai
177.19,vyrai
179.61,vyrai
174.33,vyrai
180.29,vyrai
162.39,moterys
156.33,moterys
162.05,moterys
153.22,moterys
168.6,moterys
171.88,moterys
157.8,moterys
153.74,moterys
163.42,moterys
159.19,moterys
174.41,moterys
159.76,moterys
164.14,moterys
160.17,moterys
155.54,moterys
161.13,moterys
149.17,moterys
168.79,moterys
160.92,moterys
173.04,moterys
162.85,moterys
155.74,moterys
163.66,moterys
154.4,moterys
152.48,moterys
161.75,moterys
157.34,moterys
160.01,moterys
160.45,moterys
156.46,moterys
156.59,moterys
159.19,moterys
167.07,moterys
150.86,moterys
163.56,moterys
162,moterys
166.38,moterys
158.17,moterys
162.22,moterys
161.6,moterys
156.74,moterys
167.25,moterys
166.96,moterys
164.2,moterys
169.52,moterys
163.35,moterys
152.34,moterys
156.56,moterys
152.65,moterys
157.16,moterys
